user_id,account_age_days,posts_per_day,logins_per_day,ip_address,location_changes,failed_logins,followers,following,reports,profile_completeness,is_bot_label
U0001,1156,8.0,1.3,202.164.238.114,3,0.0,5784,131,0,0.46,0
U0002,1512,8.7,3.2,114.109.242.204,3,2.0,1735,1342,1,,0
U0003,1467,2.1,1.3,231.86.43.73,0,0.0,4605,1347,1,0.4,0
U0004,886,2.9,3.3,132.171.47.210,1,2.0,239,967,0,0.77,0
U0005,1929,5.1,3.2,244.120.158.58,2,0.0,3940,656,0,0.67,0
U0006,18,143.4,29.2,38.12.23.63,11,4.0,83,1978,8,0.06,1
U0007,235,3.9,1.3,252.243.37.117,3,1.0,1071,1423,1,0.73,0
U0008,29,,25.1,98.49.183.217,4,12.0,189,1495,8,0.24,1
U0009,1305,0.5,2.0,148.99.196.127,3,0.0,8579,888,0,0.75,0
U0010,25,56.5,19.9,189.52.44.152,11,17.0,44,564,9,0.38,1
U0011,1397,3.9,1.8,168.2.54.200,2,2.0,5668,602,1,0.84,0
U0012,33,98.8,28.4,189.52.44.152,11,9.0,71,3604,7,0.15,1
U0013,1781,6.7,3.2,206.237.25.143,1,2.0,9812,970,0,0.47,0
U0014,1515,8.5,3.7,64.62.233.35,2,2.0,9112,804,0,0.83,0
U0015,1911,0.3,1.0,206.237.162.244,2,2.0,7458,573,0,0.71,0
U0016,30,38.1,21.3,114.218.228.230,17,13.0,28,1559,7,0.15,1
U0017,1139,8.8,3.3,41.243.230.67,1,0.0,2743,805,1,0.53,0
U0018,1393,8.9,2.9,193.126.141.197,1,2.0,5642,1264,1,0.47,0
U0019,1430,6.5,0.5,200.248.122.71,0,0.0,9524,1392,1,0.71,0
U0020,678,4.8,3.6,113.39.146.61,1,2.0,8044,1407,1,0.71,0
U0021,41,72.5,9.4,51.214.112.115,14,9.0,129,2136,1,0.38,1
U0022,2,85.3,9.1,21.70.77.60,7,3.0,128,3974,2,0.23,1
U0023,759,9.9,1.6,99.78.109.17,3,2.0,252,1217,0,0.55,0
U0024,38,67.8,21.9,51.214.112.115,8,,143,1108,9,0.16,1
U0025,1379,7.0,4.4,139.238.212.16,3,2.0,6596,1379,0,0.89,0
U0026,1201,6.5,1.3,53.215.199.232,0,2.0,2435,881,0,0.81,0
U0027,502,2.1,2.9,198.10.194.123,1,2.0,312,1797,1,0.89,0
U0028,1046,5.2,1.7,2.180.152.193,0,1.0,4598,1070,1,0.78,0
U0029,38,2.8,3.7,100.214.112.125,3,2.0,4549,161,1,0.87,0
U0030,24,130.6,28.6,151.142.3.195,6,8.0,103,4423,3,0.17,1
U0031,1526,6.6,0.5,125.14.199.87,3,1.0,4483,1739,1,0.67,0
U0032,986,2.2,3.7,172.207.84.216,0,1.0,9542,825,1,0.62,0
U0033,8,130.4,22.5,189.52.44.152,3,18.0,186,3946,6,0.13,1
U0034,67,9.8,2.7,252.13.201.152,3,2.0,275,1310,1,0.79,0
U0035,33,45.4,23.9,7.42.219.35,6,5.0,191,3620,1,0.38,1
U0036,187,9.5,4.6,222.236.93.13,2,0.0,1110,289,0,0.66,0
U0037,210,5.7,4.9,67.194.167.55,3,2.0,1030,937,0,0.56,0
U0038,1376,1.7,3.0,117.167.172.195,2,1.0,619,1356,1,0.44,0
U0039,655,6.2,5.0,226.194.142.193,1,2.0,204,499,1,0.59,0
U0040,1157,7.0,3.7,244.215.129.214,3,2.0,5646,1715,0,0.65,0
U0041,1871,8.7,4.6,21.240.9.192,1,,8042,45,0,0.52,0
U0042,1829,7.0,4.1,139.26.179.58,3,2.0,6664,1176,1,0.75,0
U0043,1853,5.8,0.7,167.35.20.194,0,1.0,624,1223,0,0.9,0
U0044,599,0.3,0.7,8.126.102.215,1,2.0,2541,622,0,0.9,0
U0045,1625,2.2,3.3,6.78.122.33,3,,926,1001,1,0.65,0
U0046,896,6.4,3.8,122.58.111.120,0,1.0,685,1139,1,0.42,0
U0047,149,2.7,2.5,180.131.188.43,2,1.0,8982,1507,0,0.45,0
U0048,1180,7.0,2.3,156.58.83.247,1,1.0,562,1784,1,0.54,0
U0049,25,105.8,14.2,196.172.52.24,18,9.0,191,1970,5,0.25,1
U0050,276,0.5,3.0,7.159.192.102,2,0.0,7303,706,0,0.47,0
U0051,1122,0.9,1.9,242.101.38.152,1,0.0,6667,441,0,0.68,0
U0052,33,80.4,22.3,161.124.52.179,12,7.0,99,3349,4,0.17,1
U0053,791,9.3,2.8,198.154.61.204,3,0.0,4661,1049,1,0.97,0
U0054,2,23.4,20.9,201.21.177.137,14,5.0,123,2068,1,0.32,1
U0055,1480,9.4,2.2,110.189.35.130,0,1.0,1116,1589,0,0.44,0
U0056,1660,3.8,0.7,166.174.6.218,1,2.0,9017,614,1,0.81,0
U0057,34,53.9,18.9,207.81.216.88,15,,156,1228,5,0.37,1
U0058,705,1.8,3.9,28.221.185.163,3,2.0,1172,1581,1,0.55,0
U0059,32,64.3,28.5,118.78.222.46,7,14.0,112,4266,7,0.3,1
U0060,902,3.8,2.9,188.138.247.120,3,0.0,1415,406,0,0.46,0
U0061,1665,0.1,4.6,112.137.165.219,3,0.0,2552,1829,1,0.81,0
U0062,1617,5.7,3.3,63.44.142.226,0,0.0,7316,405,0,0.73,0
U0063,1522,7.5,4.1,116.124.237.146,0,2.0,2206,1726,1,0.98,0
U0064,427,5.5,2.5,157.194.172.8,2,0.0,4380,1876,1,0.98,0
U0065,1062,7.6,3.3,127.166.93.125,0,1.0,1592,1207,0,0.53,0
U0066,9,126.8,23.5,118.63.193.21,7,7.0,165,2886,8,0.17,1
U0067,1886,8.8,1.6,67.174.143.226,2,0.0,1374,1165,1,0.63,0
U0068,1468,4.8,2.2,153.141.5.133,2,2.0,8955,1891,0,0.47,0
U0069,1504,2.5,2.3,243.97.43.62,1,1.0,6669,465,0,0.89,0
U0070,1988,7.5,3.1,185.208.250.143,1,0.0,1264,1541,0,0.45,0
U0071,958,2.2,4.8,195.123.243.166,3,0.0,6366,1862,0,0.93,0
U0072,915,9.2,4.6,183.251.229.203,3,2.0,6240,1266,0,0.82,0
U0073,1468,10.0,3.6,5.47.150.57,2,2.0,8170,980,1,0.98,0
U0074,813,8.9,2.6,104.124.156.170,3,0.0,9387,1381,1,0.68,0
U0075,28,30.1,29.4,122.176.217.191,19,11.0,160,3008,3,0.32,1
U0076,1647,4.2,3.1,141.169.180.180,0,1.0,59,833,1,0.92,0
U0077,906,1.6,2.4,117.138.156.65,1,0.0,2243,233,0,0.49,0
U0078,882,7.5,2.3,60.61.98.81,2,2.0,4834,1494,0,0.68,0
U0079,1152,1.3,0.6,31.94.98.56,2,1.0,2050,718,0,0.85,0
U0080,3,92.2,24.9,71.144.51.214,7,12.0,82,2548,3,0.14,1
U0081,1825,2.3,3.5,50.151.116.93,3,1.0,3469,104,1,0.41,0
U0082,34,81.9,26.3,164.57.12.190,14,3.0,53,735,5,0.08,1
U0083,17,37.4,8.6,33.140.23.250,17,7.0,84,4481,2,0.32,1
U0084,132,1.4,0.6,14.149.64.164,1,,6291,1883,1,0.73,0
U0085,464,9.0,2.1,223.251.52.224,1,0.0,9600,1029,1,0.77,0
U0086,1616,7.0,4.1,4.145.240.123,1,0.0,5499,794,1,0.44,0
U0087,5,147.4,18.8,189.52.44.152,15,13.0,42,4323,3,0.23,1
U0088,23,36.6,11.3,65.244.58.211,18,10.0,131,4955,4,0.16,1
U0089,1248,8.7,2.8,17.205.251.19,3,,6827,1084,0,0.89,0
U0090,1519,2.8,1.3,148.27.77.39,0,1.0,6426,533,1,0.94,0
U0091,1998,5.0,3.6,208.155.43.64,0,1.0,6240,1154,1,0.45,0
U0092,30,40.4,16.3,118.63.193.21,19,6.0,0,2555,1,0.25,1
U0093,1745,2.1,2.2,107.115.194.116,1,1.0,8200,87,1,,0
U0094,695,0.4,1.6,233.226.152.221,2,2.0,1696,928,1,0.85,0
U0095,1561,1.1,2.5,151.219.156.146,2,2.0,3136,1225,0,0.84,0
U0096,28,22.6,15.1,157.50.106.161,9,14.0,24,4096,4,0.21,1
U0097,10,122.6,19.0,98.49.183.217,17,6.0,110,1993,2,0.23,1
U0098,1989,4.3,1.1,21.80.122.45,0,0.0,2789,1315,1,0.74,0
U0099,344,9.9,3.2,142.38.80.1,0,0.0,1783,1615,0,0.69,0
U0100,30,44.3,14.3,89.135.22.187,11,5.0,30,1563,5,0.37,1
U0101,1276,9.0,3.1,153.240.149.9,2,2.0,8887,127,0,0.69,0
U0102,976,8.2,3.7,60.147.144.180,2,1.0,6366,1333,0,0.51,0
U0103,1171,7.1,1.4,221.232.36.176,3,0.0,6333,568,0,0.77,0
U0104,349,0.9,2.8,60.135.101.109,2,0.0,2076,268,0,0.62,0
U0105,39,5.5,3.0,30.115.76.233,1,0.0,5337,1675,1,0.55,0
U0106,37,20.4,10.6,189.52.44.152,17,8.0,162,4177,1,0.33,1
U0107,44,73.1,28.5,189.52.44.152,13,11.0,161,3135,3,0.07,1
U0108,1349,7.2,0.7,203.157.147.113,0,2.0,9114,1262,1,0.88,0
U0109,1344,1.6,4.2,32.239.155.180,2,1.0,7627,583,1,0.59,0
U0110,1095,3.9,4.2,104.139.252.113,2,1.0,6993,1724,0,0.58,0
U0111,1076,4.4,3.1,21.20.221.189,0,0.0,4083,830,1,0.54,0
U0112,1092,1.2,4.7,83.128.13.24,2,2.0,8185,563,1,0.5,0
U0113,1676,6.2,2.9,59.10.137.148,2,2.0,469,166,1,0.85,0
U0114,1050,2.5,3.8,11.89.240.133,1,1.0,4662,1668,1,0.61,0
U0115,835,5.4,2.2,167.226.142.47,0,2.0,3278,1681,0,0.69,0
U0116,4,113.9,23.8,112.251.46.121,6,6.0,25,2334,5,0.32,1
U0117,1307,9.1,3.1,90.209.170.83,3,2.0,864,355,1,0.77,0
U0118,26,96.2,19.1,220.82.168.106,3,17.0,103,1327,4,0.35,1
U0119,5,139.9,23.6,74.205.18.117,12,19.0,91,3949,9,0.19,1
U0120,1082,1.0,4.3,23.161.129.83,2,2.0,1842,823,0,0.99,0
U0121,36,36.2,28.3,118.63.193.21,10,17.0,148,4002,9,0.3,1
U0122,231,8.0,0.5,104.0.236.106,0,2.0,8816,253,0,0.92,0
U0123,38,65.0,15.6,72.79.110.246,4,19.0,127,1454,3,0.13,1
U0124,54,5.0,2.4,93.255.226.195,3,0.0,6370,294,0,0.57,0
U0125,26,21.7,22.6,56.119.13.144,9,19.0,83,3932,1,0.23,1
U0126,371,0.9,5.0,141.67.147.113,0,2.0,1809,1174,1,0.85,0
U0127,1944,8.0,2.1,226.248.62.8,1,0.0,4574,1510,1,0.9,0
U0128,1072,0.7,4.0,250.122.81.80,2,1.0,6695,997,0,0.64,0
U0129,1731,7.7,1.0,142.7.208.24,3,0.0,8088,1676,1,0.56,0
U0130,19,103.7,17.0,142.150.185.148,9,10.0,64,4908,7,0.13,1
U0131,23,107.3,8.4,119.60.78.128,17,7.0,66,4175,8,0.08,1
U0132,32,148.5,21.3,75.139.212.214,16,13.0,143,664,6,0.12,1
U0133,764,3.2,0.9,124.241.124.117,1,2.0,2248,1118,0,0.47,0
U0134,944,5.8,2.4,142.74.196.49,1,0.0,6902,1949,0,,0
U0135,1439,3.6,0.7,236.69.35.71,3,0.0,854,943,1,0.73,0
U0136,34,131.9,12.8,219.212.174.240,14,19.0,157,3179,7,0.31,1
U0137,750,4.8,2.8,202.136.1.73,0,1.0,8478,1314,0,,0
U0138,1331,8.3,4.9,186.152.250.222,1,0.0,9046,84,1,0.95,0
U0139,21,126.0,19.0,72.79.110.246,4,19.0,164,2122,5,0.05,1
U0140,21,54.3,13.9,51.214.112.115,10,4.0,11,954,1,0.19,1
U0141,1529,7.7,2.4,142.193.233.239,1,1.0,1436,1738,0,0.45,0
U0142,1424,2.5,2.3,83.96.122.147,3,2.0,7729,685,0,0.83,0
U0143,773,5.7,2.6,99.119.210.12,2,1.0,6262,1345,0,0.56,0
U0144,780,2.6,3.2,82.242.195.99,2,0.0,7151,1540,0,0.49,0
U0145,230,7.7,1.0,254.77.253.247,0,0.0,5810,1250,0,0.81,0
U0146,71,4.6,0.8,10.64.169.223,1,0.0,4253,181,0,0.56,0
U0147,34,33.4,14.9,142.150.185.148,19,19.0,73,4140,7,0.22,1
U0148,41,5.4,4.4,113.51.233.4,3,2.0,2758,1114,0,0.83,0
U0149,16,130.4,13.5,105.79.38.121,14,17.0,58,4493,9,0.36,1
U0150,76,0.4,3.1,201.135.173.160,0,2.0,5963,990,1,0.95,0
U0151,1835,1.2,3.8,178.203.41.219,2,1.0,9068,736,0,0.68,0
U0152,1019,0.5,2.5,85.194.162.161,2,1.0,664,1306,1,0.76,0
U0153,1024,5.6,2.7,184.249.18.159,2,0.0,3033,995,0,0.64,0
U0154,68,3.2,2.9,18.120.147.59,0,1.0,970,1430,1,0.71,0
U0155,522,6.2,1.5,192.46.222.251,2,2.0,3291,555,1,0.4,0
U0156,13,88.8,28.7,98.49.183.217,5,9.0,45,4624,1,0.18,1
U0157,274,4.8,3.1,181.51.227.43,3,2.0,4411,935,0,0.6,0
U0158,20,115.9,13.3,232.14.23.84,5,15.0,141,875,2,0.15,1
U0159,322,0.4,0.6,204.28.150.92,1,2.0,2682,408,0,0.63,0
U0160,993,2.2,4.8,96.220.74.63,0,0.0,9180,1413,1,0.99,0
U0161,1372,9.4,2.6,136.210.92.44,0,1.0,7928,573,1,0.54,0
U0162,20,128.9,13.1,196.172.52.24,15,16.0,73,4821,9,0.12,1
U0163,3,127.4,25.6,159.123.254.234,17,19.0,8,3670,4,0.38,1
U0164,1626,,2.8,150.73.118.119,1,1.0,7362,225,0,0.89,0
U0165,810,2.2,2.9,164.130.235.66,0,1.0,1430,1643,0,0.93,0
U0166,3,55.5,18.5,231.238.147.174,5,4.0,75,4765,9,0.16,1
U0167,25,91.6,9.9,19.226.176.253,17,8.0,71,4472,2,,1
U0168,13,136.3,29.8,164.217.128.117,10,15.0,61,2896,3,0.32,1
U0169,1621,6.6,2.9,217.154.101.99,0,0.0,1362,1295,1,0.88,0
U0170,40,51.9,11.5,28.121.195.147,18,11.0,12,862,9,0.36,1
U0171,385,6.2,3.9,92.151.151.6,2,0.0,606,835,0,0.42,0
U0172,564,0.1,4.2,251.202.140.3,0,1.0,9816,1960,1,0.89,0
U0173,14,118.4,13.7,176.25.254.214,4,15.0,45,2190,1,,1
U0174,389,2.6,3.4,232.146.117.156,3,0.0,1057,1359,0,0.86,0
U0175,615,4.3,4.3,206.180.112.163,3,2.0,9487,46,0,0.87,0
U0176,945,6.9,0.8,49.128.70.161,2,0.0,9159,410,1,0.68,0
U0177,51,6.2,0.7,25.20.158.202,1,1.0,4849,696,0,0.67,0
U0178,792,1.3,3.9,113.17.186.188,2,0.0,9148,1066,1,0.62,0
U0179,1981,7.7,3.6,34.46.151.84,1,1.0,9695,747,0,0.97,0
U0180,1152,4.5,1.2,192.212.89.52,2,0.0,1148,893,1,0.45,0
U0181,14,49.9,10.9,72.79.110.246,5,19.0,125,4011,5,0.35,1
U0182,37,103.0,16.7,94.139.84.66,7,5.0,0,4463,6,0.13,1
U0183,1216,0.3,3.4,234.246.151.192,3,1.0,5440,501,1,0.73,0
U0184,1113,1.9,4.4,223.173.58.120,0,2.0,1100,1719,1,0.86,0
U0185,3,123.6,14.5,37.115.203.248,5,16.0,14,3724,7,0.09,1
U0186,1289,2.5,3.0,217.187.46.203,3,0.0,7149,1864,1,0.75,0
U0187,146,5.9,2.4,102.7.135.138,3,0.0,4217,1822,1,0.81,0
U0188,367,4.8,3.2,32.232.188.173,3,2.0,5470,738,0,0.97,0
U0189,1478,0.4,2.7,192.134.195.211,3,0.0,6781,898,1,,0
U0190,621,4.8,1.4,164.190.55.173,0,1.0,9177,1961,1,0.6,0
U0191,31,5.3,4.5,60.241.12.159,1,0.0,6782,125,1,0.64,0
U0192,223,9.8,1.4,227.167.113.166,1,1.0,3091,115,0,0.8,0
U0193,1925,6.4,3.7,17.237.154.167,1,0.0,6967,1106,0,,0
U0194,582,7.1,4.4,105.59.71.12,1,1.0,9349,1351,0,0.89,0
U0195,7,105.9,20.2,78.252.59.25,8,5.0,126,4609,2,0.07,1
U0196,23,104.5,18.5,72.79.110.246,16,6.0,172,2427,7,0.19,1
U0197,317,5.0,3.0,35.198.232.95,1,2.0,711,558,1,0.73,0
U0198,3,30.6,16.9,191.214.79.227,17,3.0,134,4388,5,0.29,1
U0199,24,75.3,15.6,71.125.114.36,14,19.0,178,1773,5,0.18,1
U0200,1793,8.7,4.6,214.250.208.241,1,2.0,1444,195,1,0.62,0
U0201,1696,6.2,3.3,244.143.16.177,2,0.0,3641,109,1,0.76,0
U0202,1351,2.4,4.9,95.111.227.114,2,0.0,4698,327,1,0.92,0
U0203,1676,5.9,3.1,244.120.185.26,3,1.0,3864,847,0,0.63,0
U0204,57,2.6,3.5,252.188.183.16,2,0.0,5593,469,1,0.64,0
U0205,948,4.5,1.6,102.141.97.248,2,1.0,319,601,1,0.67,0
U0206,873,,2.4,32.232.46.170,3,2.0,7165,522,0,0.5,0
U0207,1337,0.4,3.8,55.10.25.202,0,0.0,3618,1665,1,0.67,0
U0208,15,92.6,19.9,189.52.44.152,16,4.0,36,1543,1,0.09,1
U0209,6,43.4,9.9,53.35.106.151,3,19.0,178,1729,4,0.38,1
U0210,1269,6.9,0.6,56.119.168.199,0,1.0,9450,1072,0,0.55,0
U0211,43,83.6,22.7,50.35.23.170,15,18.0,177,3293,7,0.1,1
U0212,21,32.2,22.8,71.74.66.139,8,7.0,85,1698,2,0.27,1
U0213,1172,9.4,3.6,65.89.56.170,1,1.0,7755,1681,0,0.74,0
U0214,617,1.1,4.1,222.13.67.4,3,0.0,3122,1180,0,0.8,0
U0215,1106,6.7,3.1,92.121.165.5,1,1.0,5155,713,1,0.59,0
U0216,33,72.9,27.2,164.57.12.190,11,15.0,158,988,4,0.26,1
U0217,1155,3.3,3.5,33.215.58.191,1,1.0,7811,406,0,0.59,0
U0218,1418,8.2,1.0,17.243.229.200,1,2.0,9866,734,0,0.78,0
U0219,7,93.2,16.4,196.172.52.24,3,19.0,34,3838,3,0.11,1
U0220,14,100.5,18.2,72.79.110.246,5,10.0,47,3001,5,0.32,1
U0221,694,3.8,2.3,57.22.154.118,0,2.0,8284,953,0,0.89,0
U0222,527,7.2,2.8,165.15.31.123,0,2.0,9256,345,0,0.44,0
U0223,428,2.4,4.7,217.205.218.176,2,0.0,190,479,0,0.46,0
U0224,1946,6.2,2.9,28.251.227.19,1,2.0,9934,760,1,0.72,0
U0225,1197,0.9,3.7,231.41.164.156,1,,6837,99,0,0.71,0
U0226,1316,6.8,1.3,38.33.64.71,0,2.0,3704,968,1,0.88,0
U0227,42,,17.3,150.166.195.153,9,3.0,171,2208,7,0.26,1
U0228,21,134.9,13.0,117.220.50.204,11,17.0,9,2925,9,0.33,1
U0229,613,7.7,3.0,180.58.110.111,2,0.0,5749,59,1,0.89,0
U0230,1113,6.7,4.1,116.116.211.87,2,1.0,3090,1472,1,0.49,0
U0231,1614,7.4,4.4,212.232.204.107,2,0.0,8903,1465,0,0.79,0
U0232,28,46.8,22.0,81.218.160.171,11,16.0,76,940,9,0.38,1
U0233,1856,6.0,3.5,66.191.78.176,1,1.0,6830,1200,0,0.82,0
U0234,1028,3.4,4.2,237.242.34.24,3,1.0,1175,563,1,,0
U0235,1035,2.6,3.4,213.43.47.111,3,2.0,122,657,0,0.54,0
U0236,41,100.2,17.7,89.135.22.187,4,7.0,171,4110,5,0.14,1
U0237,1765,6.5,2.9,96.66.30.151,0,1.0,7476,351,1,0.43,0
U0238,44,106.0,20.3,144.168.62.106,4,10.0,149,4383,4,0.37,1
U0239,1530,6.9,1.4,91.216.26.248,3,1.0,2543,679,0,0.89,0
U0240,12,65.2,22.6,56.119.13.144,5,18.0,29,736,7,0.18,1
U0241,1157,0.2,3.8,91.53.108.40,3,0.0,335,158,1,0.77,0
U0242,1007,7.9,4.4,169.246.114.217,0,1.0,9765,747,0,0.42,0
U0243,510,2.3,2.0,28.179.188.30,0,0.0,2867,770,0,0.71,0
U0244,864,4.0,2.5,196.142.115.207,3,1.0,4456,271,0,0.87,0
U0245,172,9.9,4.3,110.13.136.8,1,2.0,610,51,1,0.89,0
U0246,1856,6.7,2.9,47.139.158.236,1,1.0,3188,1881,0,0.58,0
U0247,102,3.2,0.6,87.179.3.47,2,1.0,3028,1499,1,0.99,0
U0248,1821,,3.1,223.73.205.18,0,1.0,4309,104,1,0.48,0
U0249,365,7.6,1.3,37.15.46.192,2,2.0,2010,911,0,0.8,0
U0250,511,0.7,0.6,136.110.192.108,0,2.0,7390,1989,1,0.98,0
U0251,1661,5.9,4.7,117.174.80.95,3,1.0,3086,1861,0,0.78,0
U0252,1914,0.2,3.2,80.166.43.227,2,2.0,6480,1020,0,0.87,0
U0253,807,2.1,2.7,14.79.80.194,1,0.0,5225,1496,0,0.66,0
U0254,1958,1.4,1.0,159.25.41.70,1,1.0,9124,272,1,0.81,0
U0255,638,5.1,5.0,114.217.248.156,0,0.0,1432,1413,1,0.5,0
U0256,449,5.3,2.4,114.212.139.56,2,0.0,7920,1607,1,0.52,0
U0257,548,5.3,2.7,194.58.176.111,2,0.0,6190,607,0,0.41,0
U0258,415,1.3,2.4,29.145.249.135,1,2.0,6843,1504,1,0.51,0
U0259,930,2.2,0.6,171.157.23.57,1,0.0,7430,1726,1,0.44,0
U0260,701,4.9,1.0,102.28.3.53,3,2.0,4848,1950,1,0.56,0
U0261,658,4.9,1.2,78.108.70.196,3,1.0,4889,1260,0,0.77,0
U0262,1978,4.6,4.0,66.148.167.31,0,0.0,4250,201,0,0.8,0
U0263,454,6.9,2.5,2.254.220.45,0,,7227,251,1,0.55,0
U0264,261,4.6,3.4,34.194.117.129,1,2.0,6919,209,0,0.77,0
U0265,985,4.5,4.5,144.181.36.102,0,0.0,6280,110,1,0.43,0
U0266,23,113.1,9.6,11.223.9.118,5,19.0,132,647,5,0.18,1
U0267,1980,3.0,2.1,236.39.160.148,2,2.0,5560,508,1,0.61,0
U0268,5,91.5,26.3,151.142.3.195,10,12.0,37,4194,1,0.15,1
U0269,40,101.2,16.4,107.148.58.104,5,19.0,35,2113,9,0.26,1
U0270,10,123.8,14.4,51.214.112.115,10,4.0,117,1280,5,0.35,1
U0271,1965,8.1,3.5,44.235.185.23,2,1.0,9177,1435,0,0.46,0
U0272,517,4.3,2.5,112.54.124.112,0,1.0,2511,1758,1,,0
U0273,21,57.2,26.0,135.40.202.223,9,19.0,11,1756,2,0.26,1
U0274,1051,4.6,4.3,80.173.113.86,3,1.0,696,672,1,0.43,0
U0275,285,5.5,4.9,200.86.39.131,1,0.0,3587,779,0,0.81,0
U0276,465,8.2,1.5,163.58.99.232,2,2.0,4233,1077,0,0.65,0
U0277,37,96.7,19.2,90.75.120.27,9,14.0,110,1804,5,0.1,1
U0278,391,5.6,4.2,38.131.101.45,3,0.0,564,458,1,0.46,0
U0279,1277,8.8,3.5,155.78.38.46,0,1.0,1478,1929,1,0.77,0
U0280,952,6.9,2.2,244.252.237.194,0,1.0,2699,323,1,0.9,0
U0281,1067,7.5,3.9,145.229.165.222,3,2.0,4033,1788,0,0.58,0
U0282,1877,,1.1,249.161.77.113,2,0.0,5301,1053,1,0.93,0
U0283,35,37.9,22.6,207.81.216.88,10,9.0,148,2585,4,0.11,1
U0284,20,72.3,27.2,204.140.28.91,16,5.0,79,3447,8,0.25,1
U0285,34,97.9,21.2,80.236.231.10,19,16.0,149,1163,6,0.12,1
U0286,897,5.2,2.5,15.188.146.20,3,1.0,6306,1216,0,0.45,0
U0287,1681,0.6,4.1,166.46.196.119,2,2.0,1069,1151,0,0.5,0
U0288,6,102.7,25.3,245.21.230.233,17,8.0,46,2625,7,0.24,1
U0289,16,46.4,20.4,167.96.164.155,12,5.0,106,4196,6,0.14,1
U0290,17,140.9,25.2,189.52.44.152,12,5.0,45,2503,1,0.19,1
U0291,733,4.8,1.1,246.31.230.27,3,1.0,7512,1019,0,0.66,0
U0292,1366,0.1,0.8,208.175.43.130,1,0.0,7760,1629,1,0.68,0
U0293,754,0.7,0.8,166.88.20.64,1,1.0,9485,912,0,0.57,0
U0294,299,2.5,1.7,182.224.224.135,1,,9883,1762,0,0.56,0
U0295,870,4.9,0.7,134.81.186.96,3,1.0,2347,884,0,0.61,0
U0296,33,120.3,9.9,100.209.173.174,17,13.0,147,4226,7,0.18,1
U0297,26,74.4,13.7,203.171.33.85,7,7.0,130,4170,5,0.24,1
U0298,19,60.1,28.8,98.49.183.217,14,11.0,160,1394,9,0.33,1
U0299,1044,5.5,4.9,99.145.129.186,0,1.0,6221,963,0,0.44,0
U0300,1651,5.5,3.3,219.76.170.21,1,1.0,3698,851,0,0.48,0
U0301,22,130.5,22.7,37.179.158.248,4,18.0,111,4250,6,0.15,1
U0302,1989,1.1,2.1,168.200.66.153,2,2.0,1904,570,1,0.6,0
U0303,306,1.6,2.0,182.43.158.144,1,1.0,5824,385,1,0.93,0
U0304,1779,1.6,1.6,97.168.65.172,0,0.0,6873,67,1,0.86,0
U0305,2,28.5,18.2,243.47.216.131,10,14.0,96,2077,4,0.31,1
U0306,708,6.6,4.2,93.9.185.80,1,2.0,6902,316,0,0.52,0
U0307,10,32.2,15.8,109.16.15.24,11,6.0,84,2785,8,0.22,1
U0308,857,7.0,4.1,88.248.98.58,2,,308,292,1,0.5,0
U0309,515,1.4,1.4,36.79.39.76,3,0.0,737,1652,0,0.66,0
U0310,6,145.8,26.9,26.19.172.225,11,14.0,138,4458,1,0.19,1
U0311,1940,1.2,3.8,197.67.192.40,1,1.0,1579,1768,0,0.5,0
U0312,1848,6.9,0.9,42.92.84.185,3,0.0,7883,1415,1,0.84,0
U0313,730,3.4,1.8,113.22.210.94,1,1.0,695,220,1,0.59,0
U0314,1448,9.0,3.4,174.121.227.157,0,,9396,597,1,0.72,0
U0315,21,34.7,9.9,89.135.22.187,3,5.0,179,3093,9,0.29,1
U0316,367,7.5,3.4,201.229.119.137,3,1.0,6466,846,1,0.68,0
U0317,15,53.0,8.7,118.63.193.21,18,4.0,65,1435,8,0.07,1
U0318,1988,1.7,3.4,201.240.99.95,0,2.0,9096,649,0,0.6,0
U0319,25,48.0,15.9,147.225.236.197,5,16.0,141,959,1,0.3,1
U0320,1920,,4.5,73.195.214.248,2,0.0,4791,1284,0,0.74,0
U0321,1656,3.9,2.2,42.102.70.224,1,0.0,9081,711,0,0.65,0
U0322,1899,4.8,0.6,65.26.246.224,3,1.0,4299,623,0,0.48,0
U0323,112,9.7,4.2,96.52.63.73,2,0.0,5125,182,0,0.77,0
U0324,1126,3.0,4.2,22.82.139.116,3,2.0,3040,1021,1,0.53,0
U0325,36,32.5,13.3,38.223.46.243,3,16.0,52,2262,9,0.15,1
U0326,251,6.0,0.8,234.113.230.227,3,1.0,7854,1655,1,0.94,0
U0327,1180,6.3,2.9,90.13.212.14,1,0.0,2529,1703,1,0.75,0
U0328,21,87.8,9.4,51.214.112.115,7,5.0,171,2544,9,0.35,1
U0329,1377,8.7,0.8,61.197.41.96,3,0.0,7518,352,0,0.45,0
U0330,12,80.4,11.0,51.214.112.115,10,8.0,19,4240,3,0.13,1
U0331,1508,1.3,1.6,239.50.171.203,3,0.0,8820,863,1,0.97,0
U0332,1215,4.7,4.9,38.70.19.74,3,2.0,4055,1295,1,0.55,0
U0333,1966,0.4,3.2,235.241.71.195,2,2.0,3501,371,0,0.67,0
U0334,1674,4.8,1.4,181.240.229.158,2,0.0,5858,662,0,0.4,0
U0335,1355,0.5,4.2,2.40.9.66,3,0.0,4747,1840,0,0.66,0
U0336,733,5.1,1.8,56.76.216.29,1,0.0,1850,1377,0,0.57,0
U0337,1582,1.1,2.1,199.147.121.78,2,2.0,3162,1584,0,0.81,0
U0338,19,78.6,28.4,109.16.15.24,15,3.0,167,4191,3,0.19,1
U0339,485,6.7,1.7,108.234.32.29,0,0.0,6296,997,1,0.83,0
U0340,1206,6.4,0.7,215.255.8.162,0,2.0,776,1722,0,0.92,0
U0341,1711,1.1,2.2,132.123.73.75,2,1.0,1824,421,1,0.85,0
U0342,1790,4.0,1.9,110.0.180.62,0,2.0,5939,968,0,0.81,0
U0343,479,8.9,3.2,147.213.95.171,1,1.0,4708,1151,0,0.77,0
U0344,1593,1.7,3.4,172.43.184.18,0,1.0,1678,1711,0,0.72,0
U0345,40,126.6,23.3,140.10.199.224,14,5.0,64,2498,5,0.09,1
U0346,78,2.2,2.6,121.22.198.252,3,0.0,7511,1829,0,0.82,0
U0347,1711,4.0,0.8,96.129.8.92,0,0.0,3309,1397,1,0.63,0
U0348,224,8.6,4.6,202.34.176.62,2,2.0,409,1108,1,0.41,0
U0349,36,71.1,19.6,161.53.170.35,4,7.0,6,3767,5,0.34,1
U0350,1,143.1,15.5,72.79.110.246,12,,170,3554,1,0.08,1
U0351,605,6.1,2.1,87.89.237.252,3,1.0,1104,1421,0,0.48,0
U0352,5,49.7,29.5,162.93.69.17,5,13.0,44,1678,6,0.36,1
U0353,1287,4.0,1.9,184.234.18.76,0,2.0,4390,551,1,0.94,0
U0354,37,144.3,14.9,118.63.193.21,8,6.0,17,2916,4,0.06,1
U0355,1789,3.4,2.9,52.21.161.239,0,0.0,2402,1942,1,0.5,0
U0356,850,8.3,2.5,80.203.242.65,1,1.0,1489,1142,0,0.51,0
U0357,21,64.5,13.9,98.49.183.217,14,13.0,102,2022,1,0.24,1
U0358,24,150.0,11.3,51.214.112.115,4,13.0,178,3670,2,0.26,1
U0359,24,100.7,12.4,13.169.139.32,10,7.0,144,3160,4,0.35,1
U0360,93,5.9,3.2,205.188.223.228,1,0.0,3680,1173,1,0.48,0
U0361,424,5.5,0.8,103.225.197.87,3,0.0,607,1027,1,0.98,0
U0362,912,4.6,4.9,250.95.254.178,3,1.0,7216,704,1,0.69,0
U0363,11,46.4,24.8,50.35.23.170,17,13.0,191,3308,3,0.24,1
U0364,1744,8.9,2.6,205.136.42.187,3,2.0,5856,1784,1,,0
U0365,192,2.0,1.0,109.40.220.155,3,0.0,8066,346,0,0.58,0
U0366,869,0.6,4.5,211.92.150.83,2,0.0,9184,1527,0,0.96,0
U0367,16,119.1,28.4,51.214.112.115,13,5.0,53,3453,5,0.17,1
U0368,223,3.3,3.8,170.151.156.115,1,0.0,7951,1336,0,1.0,0
U0369,293,9.9,0.9,155.218.85.177,1,2.0,1138,1325,0,0.78,0
U0370,15,38.6,24.6,207.81.216.88,7,11.0,126,756,4,0.28,1
U0371,732,0.9,2.7,11.180.222.71,1,1.0,7477,423,0,0.44,0
U0372,1408,5.5,3.3,164.29.38.172,0,0.0,5459,54,0,0.46,0
U0373,38,58.9,9.7,94.81.15.37,4,12.0,123,1997,8,0.15,1
U0374,537,8.6,2.3,218.224.17.33,2,1.0,4777,1927,0,0.94,0
U0375,762,5.8,4.3,18.120.187.93,0,0.0,5839,446,0,0.76,0
U0376,1106,4.2,3.9,99.16.78.174,2,0.0,232,1056,1,0.67,0
U0377,1063,8.2,3.0,116.189.190.114,3,1.0,6605,1911,1,0.58,0
U0378,876,5.5,2.8,196.39.70.136,0,2.0,5640,785,1,0.64,0
U0379,31,57.0,10.9,51.214.112.115,4,13.0,104,1764,2,0.14,1
U0380,323,9.0,3.1,167.142.127.246,3,0.0,2487,334,1,0.84,0
U0381,29,141.0,26.2,89.135.22.187,13,11.0,154,1318,3,0.35,1
U0382,653,9.4,3.5,48.255.198.234,0,1.0,8712,227,0,0.63,0
U0383,1782,7.0,0.5,144.60.134.199,2,0.0,284,1046,0,0.98,0
U0384,1929,1.3,3.5,67.228.109.157,0,1.0,5882,542,1,0.87,0
U0385,1705,10.0,1.0,74.251.102.32,1,2.0,2637,1033,0,0.69,0
U0386,18,102.5,25.0,71.125.114.36,11,9.0,12,2757,5,0.32,1
U0387,60,7.2,2.2,116.88.227.23,1,2.0,3943,961,1,0.53,0
U0388,23,99.0,14.5,248.163.177.182,10,9.0,35,1439,5,0.28,1
U0389,851,2.0,4.5,17.148.153.218,3,2.0,1598,1346,0,0.47,0
U0390,1703,5.4,0.9,41.89.185.131,1,1.0,3798,1135,1,0.9,0
U0391,17,36.2,17.1,109.16.15.24,5,17.0,101,2564,6,0.14,1
U0392,570,4.6,4.8,203.71.121.203,3,1.0,3973,128,1,0.56,0
U0393,494,5.2,4.9,127.13.184.142,2,1.0,5868,184,1,0.62,0
U0394,1474,2.7,0.6,147.188.239.206,0,0.0,8274,64,1,0.53,0
U0395,1878,3.7,0.5,252.66.44.17,2,0.0,4629,982,0,0.93,0
U0396,336,0.2,4.5,80.203.245.135,0,2.0,8885,625,0,0.83,0
U0397,186,2.5,2.7,106.209.37.33,2,2.0,9483,525,1,0.99,0
U0398,5,89.0,22.3,165.37.230.120,13,17.0,31,777,9,0.12,1
U0399,1143,2.0,1.1,175.176.65.225,1,0.0,7518,1372,0,0.99,0
U0400,485,6.4,2.2,213.93.66.111,3,2.0,8732,1866,0,0.97,0
U0401,38,57.8,18.3,223.28.63.133,17,11.0,173,3813,1,0.36,1
U0402,1649,6.3,2.5,40.155.84.42,1,0.0,1996,1771,0,0.61,0
U0403,21,145.1,21.7,89.135.22.187,16,12.0,45,2432,3,0.1,1
U0404,1146,4.8,4.5,58.177.145.217,3,0.0,7938,1785,0,0.88,0
U0405,1576,3.9,3.5,21.128.100.163,0,2.0,9517,569,1,0.83,0
U0406,1143,5.2,1.5,245.140.64.161,0,0.0,7236,320,1,0.77,0
U0407,183,0.1,4.2,78.47.86.152,0,2.0,1346,628,0,0.71,0
U0408,479,9.7,2.3,242.78.87.169,1,1.0,3473,504,1,0.78,0
U0409,39,121.6,29.1,231.172.21.212,14,11.0,164,4119,5,0.17,1
U0410,1209,2.3,3.4,222.14.41.12,3,1.0,5017,331,0,0.84,0
U0411,1656,2.5,1.6,243.135.107.197,0,2.0,3997,1686,0,0.47,0
U0412,1318,1.5,5.0,147.213.15.128,1,2.0,2226,1705,0,0.86,0
U0413,1806,6.4,0.9,228.148.154.124,1,2.0,7828,1658,0,0.75,0
U0414,14,100.9,29.8,118.63.193.21,6,3.0,113,653,4,0.08,1
U0415,1319,8.4,3.9,176.207.152.117,0,1.0,9458,1434,1,0.92,0
U0416,41,143.6,20.8,164.57.12.190,13,5.0,75,2829,3,0.14,1
U0417,7,136.2,28.8,151.142.3.195,10,7.0,148,2679,7,0.21,1
U0418,15,90.8,12.5,109.16.15.24,10,11.0,111,3718,7,0.06,1
U0419,1547,0.7,0.8,88.73.160.221,2,2.0,2518,1930,0,0.46,0
U0420,27,128.7,15.3,188.176.204.34,4,12.0,3,4406,2,0.34,1
U0421,500,0.5,1.8,195.189.54.82,0,0.0,5008,263,0,0.86,0
U0422,854,5.9,0.8,62.238.62.69,1,0.0,9915,689,0,0.52,0
U0423,21,59.5,13.1,189.52.44.152,17,6.0,75,3609,3,0.27,1
U0424,780,4.2,3.9,25.25.148.243,1,1.0,2799,878,0,0.55,0
U0425,235,1.3,2.0,99.214.127.247,2,1.0,3861,1584,1,0.85,0
U0426,242,5.4,1.2,222.81.167.240,3,,3323,41,0,0.56,0
U0427,283,5.8,4.8,148.160.97.196,1,1.0,2882,1869,1,0.58,0
U0428,182,1.3,3.0,41.255.239.128,0,0.0,5360,1762,0,0.62,0
U0429,518,4.5,1.2,226.157.254.6,2,2.0,1964,1231,0,0.47,0
U0430,1431,7.3,4.4,24.201.234.248,0,1.0,730,486,0,0.61,0
U0431,6,106.5,11.5,196.172.52.24,19,19.0,75,2403,7,0.23,1
U0432,1902,3.8,1.2,91.24.25.73,3,1.0,8610,860,0,0.9,0
U0433,517,8.0,3.3,127.240.146.138,1,0.0,6921,1348,0,0.89,0
U0434,918,5.3,2.9,3.55.220.35,0,0.0,1526,292,1,0.92,0
U0435,13,145.0,23.7,187.187.206.94,14,18.0,122,1981,9,0.1,1
U0436,4,101.3,15.0,164.57.12.190,7,10.0,6,3777,8,0.36,1
U0437,16,147.6,21.8,50.185.147.19,18,10.0,123,612,5,0.15,1
U0438,27,73.5,28.6,207.81.216.88,7,,68,1387,1,0.14,1
U0439,1933,3.3,3.5,196.143.60.33,2,1.0,2656,1712,1,0.99,0
U0440,1137,6.7,3.3,250.49.201.96,1,2.0,8369,1855,0,0.46,0
U0441,1082,3.3,4.7,204.173.187.194,0,0.0,9657,227,1,0.71,0
U0442,46,1.0,3.0,37.101.205.129,3,1.0,2038,1115,1,0.75,0
U0443,1998,3.5,2.3,11.23.19.36,2,2.0,6291,1378,0,0.56,0
U0444,1689,5.5,3.6,183.170.242.133,1,2.0,1568,239,1,0.58,0
U0445,979,7.0,2.6,117.76.71.84,2,2.0,2899,927,0,0.62,0
U0446,1336,6.8,3.7,239.163.83.101,3,1.0,4245,1092,1,0.4,0
U0447,1505,9.5,1.0,254.153.172.130,1,0.0,4807,956,1,0.4,0
U0448,22,101.3,16.2,137.250.153.122,15,3.0,112,4896,4,0.36,1
U0449,9,78.5,29.1,95.169.56.251,6,11.0,45,675,6,,1
U0450,27,,10.0,56.119.13.144,17,17.0,131,4176,9,0.19,1
U0451,944,5.9,3.3,204.13.242.68,0,0.0,4067,221,0,0.45,0
U0452,398,8.2,0.7,248.116.26.150,3,2.0,5169,1608,0,0.53,0
U0453,98,0.8,4.6,123.87.194.38,2,0.0,5091,972,1,0.76,0
U0454,11,97.3,16.2,63.16.56.49,12,8.0,126,4870,4,0.36,1
U0455,618,7.9,2.3,5.225.160.108,1,0.0,1064,1921,0,,0
U0456,42,75.6,12.5,89.135.22.187,13,9.0,112,4527,1,0.35,1
U0457,9,24.6,25.3,72.79.110.246,4,13.0,122,1241,8,0.2,1
U0458,1305,1.4,4.0,199.241.31.181,1,1.0,112,1695,1,0.67,0
U0459,1238,2.0,3.2,36.106.166.170,2,0.0,5020,831,1,0.96,0
U0460,1260,2.8,3.7,123.192.160.245,1,1.0,8362,1418,1,0.5,0
U0461,1037,5.2,4.0,45.235.175.140,3,0.0,291,464,0,0.89,0
U0462,1649,4.5,4.1,91.135.247.50,0,2.0,4891,1568,0,0.61,0
U0463,24,,14.8,72.152.115.242,7,6.0,109,1700,7,0.13,1
U0464,910,1.0,2.3,250.152.147.181,2,0.0,2644,1072,1,0.71,0
U0465,290,6.8,4.3,54.250.162.123,2,2.0,7018,904,1,0.58,0
U0466,1292,6.7,1.3,90.140.147.32,1,2.0,1697,1952,0,0.5,0
U0467,40,132.2,19.7,140.194.202.210,14,3.0,157,1220,3,0.13,1
U0468,1703,6.3,3.1,89.74.148.11,1,0.0,7228,215,0,0.43,0
U0469,787,2.7,2.0,74.40.177.237,1,2.0,5678,146,0,0.85,0
U0470,1534,5.4,3.6,114.131.245.55,2,1.0,8690,1958,1,0.6,0
U0471,13,133.2,21.9,72.79.110.246,18,17.0,47,4840,7,0.1,1
U0472,1335,5.1,1.0,70.139.70.28,1,0.0,5176,1347,0,0.97,0
U0473,222,0.2,4.1,158.122.124.13,0,2.0,1838,1420,0,0.93,0
U0474,43,109.5,13.6,136.115.119.14,11,3.0,92,1004,6,0.33,1
U0475,528,1.3,1.8,26.211.169.184,2,1.0,4484,668,1,0.64,0
U0476,1836,4.7,0.8,121.51.70.2,1,0.0,9497,667,0,0.57,0
U0477,2,28.7,27.3,251.80.208.168,14,17.0,184,2839,4,0.26,1
U0478,714,4.5,2.8,240.243.244.167,1,2.0,581,1993,0,0.74,0
U0479,1786,4.5,0.8,52.147.164.74,1,2.0,5676,1605,1,0.43,0
U0480,1532,7.1,0.5,166.30.45.167,2,1.0,9327,1289,0,0.62,0
U0481,31,124.6,25.0,137.19.89.107,17,18.0,152,2455,8,0.19,1
U0482,343,7.8,3.9,226.90.18.215,2,1.0,3842,1388,0,0.52,0
U0483,44,,11.7,207.81.216.88,11,8.0,156,4013,1,0.14,1
U0484,1020,6.0,3.4,48.148.19.3,3,1.0,5926,1503,1,0.49,0
U0485,1735,4.1,3.7,77.54.171.73,3,2.0,5994,1073,0,0.53,0
U0486,30,132.9,23.9,98.49.183.217,13,17.0,79,3140,2,0.09,1
U0487,400,8.2,3.5,140.252.68.218,3,0.0,433,71,1,0.72,0
U0488,224,,3.4,130.239.139.50,0,1.0,6161,165,0,0.82,0
U0489,1834,6.5,4.2,208.57.169.42,1,2.0,9216,1240,1,0.68,0
U0490,916,1.9,0.9,188.234.131.184,0,0.0,9010,1710,0,0.56,0
U0491,21,135.5,26.1,89.135.22.187,16,18.0,133,2603,8,0.16,1
U0492,1978,4.4,3.5,87.151.98.45,1,1.0,2428,1215,0,0.44,0
U0493,27,149.9,15.2,164.207.218.132,12,5.0,108,4946,1,0.37,1
U0494,488,3.6,4.0,84.44.205.172,2,1.0,6694,812,1,0.41,0
U0495,14,139.2,23.5,189.52.44.152,6,17.0,185,3926,3,0.26,1
U0496,1906,4.0,2.3,123.165.127.2,3,0.0,5710,392,0,0.67,0
U0497,10,38.0,20.7,109.16.15.24,18,13.0,109,3087,5,0.26,1
U0498,5,149.4,29.6,56.119.13.144,6,19.0,169,4039,6,0.25,1
U0499,1768,9.5,4.2,245.168.154.150,2,2.0,6887,1755,1,0.97,0
U0500,21,,9.2,3.133.184.178,11,12.0,149,2374,1,0.26,1
